{"cameraMode":{"drawMode":0,"name":"Shaded","section":"Shading Mode"},"sceneLighting":true,"audioPlay":false,"sceneViewState":{"showFog":true,"showMaterialUpdate":false,"showSkybox":true,"showFlares":true,"showImageEffects":true,"showParticleSystems":true},"in2DMode":false,"pivot":{"x":-1.1112985610961915,"y":2.913278341293335,"z":-7.081521034240723},"rotation":{"x":-0.2031434029340744,"y":0.4802570939064026,"z":-0.11539614200592041,"w":-0.8454439640045166},"size":9.177925109863282,"orthographic":false}